"Surface","Web behavior","iOS behavior","Score","Concrete fix","Files"
"Homepage hero","On Drama the hero rotates the SIX pinned FEATURED_NEW titles (lost-and-found, help-im-falling-in-love-with-my-rude-ceo, tied-by-fate, twist-of-time, the-inheritance-game, billionaire-daughters-love-triangle) in a 2:3 card on a #000 ground, object-contain, 4s auto-rotate, dots, and a real 3-layer crossfade (prev/active/next mounted). Suppressed entirely on Espanol and Bollywood.","Hero is filtered.slice(0,4) - the first FOUR of the locked set, i.e. four titles the web hero never shows. 9:16 card, single <Image> swap (hard cut, no crossfade). Renders on Espanol and Bollywood too, where web deliberately has no hero.","MAJOR GAP","In BrowsePage.tsx replace `const heroSlides = filtered.filter(...).slice(0, 4)` (line 294-296) with a memo that, on activeTab === 'drama', maps the six FEATURED_NEW slugs out of `filtered` (mirroring web BrowsePage.tsx:451-459) and falls back to pool.slice(0,6); on other tabs use pool.slice(0,4). Add `activeTab !== 'espanol' && activeTab !== 'bollywood'` to the hero render condition at line 779-783 to match web BrowsePage.tsx:1069. Mount prev/active/next Animated.Image layers instead of one <Image> so slides crossfade.","verza-native/src/components/BrowsePage.tsx:294-296,779-783 | verza-tv/components/BrowsePage.tsx:66-73,451-459,1069,1090-1140"
"First six NEW titles + NEW badges","NEW is POSITIONAL: slots 1-6 of a curated tab (drama, espanol, bollywood only) get a New badge, and only when the tab has >= 4 playable titles. On Drama the six are pinned by the FEATURED_NEW array, so badge and ordering cannot disagree. Coming-soon tiles get a neutral 'Coming Soon' badge instead and can never carry New.","NEW is DATA-DRIVEN off a hardcoded LOCKED_NEW_SLUGS set of six COMPLETELY DIFFERENT titles: the-phoenix-conspiracy, twisted-fates, the-chauffeur, conflicted-hearts, school-hall, my-sister-stole-my-man. Not one of the web six is badged. No positional rule, no MIN_PLAYABLE guard, no Coming Soon badge in the grid. Espanol/Bollywood get no New badges at all.","MAJOR GAP","Replace LOCKED_NEW_SLUGS (BrowsePage.tsx:46-54) with web's FEATURED_NEW array verbatim, and replace the slug test at line 893 (`LOCKED_NEW_SET.has(s.slug) ? <Badge type=""new""/> : null`) with web's positional rule: add NEW_SLOTS=6, TRENDING_START/END, NEW_BADGE_TABS=new Set(['drama','espanol','bollywood']), MIN_PLAYABLE_FOR_BADGES=4 and compute `isNew = badgesApply && !soon && curated && i < NEW_SLOTS` from the map index. Add the third Badge variant `soon` to the Badge component at line 98-113.","verza-native/src/components/BrowsePage.tsx:46-54,98-113,271-277,893 | verza-tv/components/BrowsePage.tsx:66-73,109-137,176-232,617-618,1246-1256"
"Trending badge shelf (slots 7-9)","Slots 7-9 of Drama are PINNED by popularRank and badged Trending (#E0115F). Since Hot was folded into Drama on 2026-09-01 this is the only ranked surface left in the product.","No Trending badge is rendered anywhere. The Badge component supports type 'trending' but nothing ever passes it. Slots 7+ are pure shuffle output.","MINOR GAP","In the Drama branch of the `filtered` memo (BrowsePage.tsx:262-278) append web's second head shelf after the pinned six: `...base.filter(x => x.popularRank && !FEATURED_NEW.includes(x.slug)).sort((a,b)=>(a.popularRank??99)-(b.popularRank??99)).slice(0,3)`, then render `<Badge type=""trending""/>` for grid indices 6..8 at line 893.","verza-native/src/components/BrowsePage.tsx:262-278,893 | verza-tv/components/BrowsePage.tsx:437-449,1252-1256"
"Category navigation / tab rail","9 tabs, no Hot: Drama, Tubi, Anime, Espanol, Bollywood, Reality, Creators, Red Carpet, Music. Hot was folded into Drama on 2026-09-01 because every title it ranked was already in the Drama grid; the 'popular' CATEGORY survives for search/discover but is no longer a tab.","10 canonical tabs including { key: 'popular', label: 'Hot' }; after the iOS reader filter the bar renders 5: Drama, HOT, Espanol, Bollywood, Red Carpet. Hot resolves to ~20 titles on iOS so it does not auto-drop. Tubi/Creators/Reality/Music/Anime absences are compliance-driven and correct; Hot is real drift.","MAJOR GAP","Delete `{ key: ""popular"", label: ""Hot"" }` from BROWSE_TABS (catalog.ts:22) and from ALL_DISCOVER_TABS (BrowsePage.tsx:62), and delete the `if (activeTab === 'popular')` branch of the `filtered` memo (BrowsePage.tsx:279-291). The release gate hardcodes the old order and will fail until updated: change the canonical assertion at test-data-sync.mjs:156 to ['drama','tubi','anime','espanol','bollywood','reality','creators','red-carpet','music'] and the native assertion at :173 to the same list minus 'tubi'.","verza-native/src/lib/catalog.ts:22 | verza-native/src/components/BrowsePage.tsx:57-75,279-291 | verza-native/scripts/test-data-sync.mjs:156,173 | verza-tv/lib/catalog.ts:20-52"
"Tab rail - overflow affordance","The rail paints 28px gradient edge fades in the bar's own colour (rgba(7,7,14)) whenever there is track left/right, measured with a ResizeObserver + scroll listener and an EDGE_EPSILON of 2 for fractional DPR. Testers read a hard-cut 'ESPAN' as a broken label; the fade is what says the row scrolls.","No edge fades. The rail centres the active tab on change (parity) and adds haptics (native-only bonus), but a label clipped at the boundary reads as truncated.","MINOR GAP","Wrap the ScrollView in CategoryTabs.tsx (line 68-84) in a positioned <View> and add two absolutely-positioned <LinearGradient> siblings (width 28, pointerEvents='none') painted in rgba(7,7,14) -> transparent, driven by onScroll + onContentSizeChange state mirroring web's `overflow` {left,right} with the same 2px epsilon.","verza-native/src/components/CategoryTabs.tsx:68-118 | verza-tv/components/CategoryTabs.tsx:22-35,55-90,131-142,220-243"
"Drama grid composition","TAB_EXCLUSIVE subtracts espanol, bollywood, reality and red-carpet from the Drama grid, plus too-much-junk. Drama renders 75 tiles, all English-audio. A Spanish or Hindi title in the English Drama grid is treated as a content mismatch, not a bonus.","The Drama base filter only excludes reality, red-carpet and too-much-junk. All 5 Spanish (-es) titles and all 6 Hindi Bollywood titles leak into Drama, giving 86 tiles. A viewer taps an English lockup in the English grid and gets Hindi or Spanish dialogue, with no audio-language chip anywhere on native to warn them.","MAJOR GAP","In BrowsePage.tsx:263-269 add web's TAB_EXCLUSIVE list and swap the filter to `!TAB_EXCLUSIVE.some(c => s.categories.includes(c))`: const TAB_EXCLUSIVE: BrowseCategory[] = ['espanol','bollywood','reality','red-carpet']. Verified counts: native 86 -> 75, matching web exactly. Leaked slugs: sentence-of-passion-es, i-cheated-on-my-wedding-night-es, i-fell-in-love-with-my-presidential-brother-in-law-es, the-goat-mistress-es, im-having-my-professors-baby-es, falling-for-flatmate, dil-dosa-dosti, salt-and-pepper, love-for-sale, the-breakup-podcast, reset.","verza-native/src/components/BrowsePage.tsx:263-269 | verza-tv/components/BrowsePage.tsx:55,404-411"
"Espanol tab","6 tiles (5 playable + 1 coming-soon), rendered as a 2-up grid of large flyers (grid-cols-2 gap-2.5) because the 9:16 key art reads poorly at 33vw. No hero. Catalogue order, never shuffled, playable-first. Positional New badges. An audio-language chip on every non-English tile.","5 tiles (coming-soon row dropped by the reader policy - correct), rendered in the shared 3-column grid at gridCellW. A hero IS shown. The five titles are reshuffled on every open. No badges. No audio-language chip. The same five also appear in the Drama grid.","MAJOR GAP","Port web's `twoUp` flag: `const twoUp = activeTab === 'espanol' || activeTab === 'bollywood'` and size the tile to rcCellW (already computed at BrowsePage.tsx:236) instead of gridCellW in the grid at line 879-905. Stop shuffling curated tabs: in the `filtered` memo add web's CURATED_MAX=12 short-circuit that returns playableFirst(base) without a shuffle. Exclude espanol/bollywood from the hero condition at line 779-783.","verza-native/src/components/BrowsePage.tsx:236,279-293,779-783,873-905 | verza-tv/components/BrowsePage.tsx:420-431,612,1219-1224,1069"
"Bollywood tab","10 tiles (6 playable Hindi titles + 4 coming-soon), same 2-up large-flyer grid, no hero, catalogue order, positional New badges, and a Hindi audio chip on every tile - added specifically because six Hindi titles ship behind English lockups and English loglines and a buyer found out after paying.","6 tiles, 3-column grid, hero shown, shuffled every open, no badges, and NO Hindi audio chip on any surface in the app. The same six also appear in the Drama grid. The 4 coming-soon rows are dropped by the iOS reader policy (correct).","MAJOR GAP","Same three edits as the Espanol row (twoUp grid, curated no-shuffle, hero exclusion) plus the audio-language chip - see the 'Audio-language disclosure' row. Coming-soon tile count stays at 6 on iOS by design (src/lib/ios-reader-catalog.ts:18-23 requires status === 'live').","verza-native/src/components/BrowsePage.tsx:279-293,779-783,873-905 | verza-native/src/lib/ios-reader-catalog.ts:18-23 | verza-tv/components/BrowsePage.tsx:612,1219-1224"
"Audio-language disclosure","<AudioLanguageBadge> renders on EVERY browse tile whose audio is not English (compact chip over the poster) and on EVERY series detail page (full 'Hindi audio' / 'Spanish audio - English subtitles' line under the genre row). lib/audio-language.ts derives it from the catalog row.","Neither component nor library exists: src/components/AudioLanguageBadge.tsx and src/lib/audio-language.ts are both absent. Nothing on iOS states the spoken language of the 6 Hindi and 5 Spanish titles - not on the tile, not on the detail page, not in the player - and those 11 titles are also mixed into the English Drama grid.","MAJOR GAP","Port verza-tv/lib/audio-language.ts and verza-tv/components/AudioLanguageBadge.tsx to src/lib/ and src/components/ (Tailwind -> StyleSheet). Mount the compact chip inside the poster box at BrowsePage.tsx:892 guarded by `tileLanguage.audio !== 'en'`, and mount the full badge on the detail page between the genre row (index.tsx:250-260) and the logline (index.tsx:262), matching web's placement. Add the missing i18n keys 'language.audio' and 'language.audioSubs' to all 19 locales in src/lib/i18n.ts.","verza-native/src/components/BrowsePage.tsx:892 | verza-native/src/app/series/[slug]/index.tsx:250-262 | verza-native/src/lib/i18n.ts | verza-tv/components/AudioLanguageBadge.tsx | verza-tv/lib/audio-language.ts | verza-tv/components/BrowsePage.tsx:1274-1276 | verza-tv/app/series/[slug]/page.tsx:200"
"Continue Watching rail","Footer of EACH SECTION, filtered to that tab's own titles (membership derived from the same `filtered` list the grid is built from). Guests get a rail too - mergeContinueWatching() falls back to device-local progress when the account returns nothing. Progress bar is real seconds/duration. Every tile is removable by an X or a swipe-up, without deleting the playhead.","Single rail at the TOP of the page, shown on every tab except Creators with no per-section filtering, so a Bollywood title surfaces above the Espanol grid. `if (typeof requestedUserId !== 'string')` means a signed-out viewer NEVER sees a rail - and the free preview is open to guests, so the people most likely to have an unfinished episode are exactly the ones who get nothing. Progress bar is episodeNumber/totalEpisodes, not playback position. No dismiss.","MAJOR GAP","Move the rail block (BrowsePage.tsx:473-525) below the poster grid; filter it with `const tabSlugs = new Set(filtered.map(s => s.slug))` as web does. Add a guest branch to the useFocusEffect at :341-405 that reads device-local progress via src/lib/storage.ts when authUserId is null. Select progress_seconds in the Supabase query at :348 and compute the bar from getEpisode(slug, n).durationS. Add an X control (44x44, outside the <Link>) plus a swipe-up dismiss writing a dismissed-slug list to kv.","verza-native/src/components/BrowsePage.tsx:341-405,473-525 | verza-tv/components/BrowsePage.tsx:641-664,1348-1424 | verza-tv/lib/continue-watching.ts | verza-tv/lib/guest-storage.ts"
"Posters (browse tiles)","2:3 rounded tile, object-cover, a shimmer .skeleton underlay until decode, a hover/press play affordance, coming-soon tiles dimmed with a neutral badge and a dimmer title, and the grid pages in at PAGE_SIZE=24 behind an IntersectionObserver with an 800px rootMargin so a ~78-tile tab never mounts all its bitmaps at once.","2:3 rounded tile, contentFit='cover', 200ms fade over a T.surface ground - no shimmer. `const gridItems = filtered` renders ALL tiles at once inside a non-recycling ScrollView, so the 86-tile Drama tab decodes every bitmap up front (width*height*4 bytes each) before the video pipelines allocate.","MINOR GAP","Replace `const gridItems = filtered` (BrowsePage.tsx:449) with a paged slice: add `const [page,setPage]=useState(1)`, `const gridItems = filtered.slice(0, page*24)`, reset page on activeTab change, and append a page from the ScrollView's onEndReached/onScroll when within ~800px of the end. Add a skeleton layer under <Poster> (BrowsePage.tsx:115-133) reusing the existing src/components/PosterSkeleton.tsx pulse, which is currently unimported.","verza-native/src/components/BrowsePage.tsx:115-133,449 | verza-native/src/components/PosterSkeleton.tsx | verza-tv/components/BrowsePage.tsx:233-294,626-643,1359-1360"
"Series detail page","Poster hero on #000, title, genre pill, episode count ('Episodes announced soon' for coming-soon rows), AUDIO-LANGUAGE BADGE, logline, year/channel, a de-duplicated description (22 of 96 rows open with the logline verbatim, so the repeated prefix is stripped), cast, tags, free-preview badge (live only), a RESUME-AWARE play CTA that carries the prewarm playbackId, the $1.99 unlock card behind HideInIOSApp, and an EpisodeDropdown or an 'Episodes are on the way' empty state.","Same skeleton and same order, but: no audio-language badge; description printed verbatim so the logline appears twice on 22 titles; episode count printed unconditionally; free-preview badge printed unconditionally; the CTA is a static Link to /series/<slug>/1 always labelled 'Watch Episode 1 Free' even when the viewer has progress; EpisodeDropdown rendered unconditionally. AppleSeriesUnlock replaces the $1.99 card (correct).","MAJOR GAP","index.tsx:277-279 - port web's collapse/key dedupe (page.tsx:245-268) before rendering description. index.tsx:255-259 - print 'Episodes announced soon' when status === 'coming_soon'. index.tsx:303-321 - gate the free-preview badge on status === 'live'. index.tsx:325-345 - replace the static Link with a resume-aware CTA: read watch_progress for this slug and swap href/label to 'Resume EP n' (port verza-tv/components/ResumeAwarePlay.tsx). index.tsx:380-393 - render EpisodeDropdown only when episodes.length > 0, else web's 'Episodes are on the way' card. Add the audio badge per the disclosure row.","verza-native/src/app/series/[slug]/index.tsx:250-262,277-279,303-345,380-393 | verza-tv/app/series/[slug]/page.tsx:186,200,245-268,318-327,334-345,414-450 | verza-tv/components/ResumeAwarePlay.tsx"
"Episode player","A 44px scrub hit strip along the bottom with a draggable playhead, mm:ss readouts and a 100ms write throttle, disabled on locked slides; press-and-hold to seek that ramps 4x -> 12x over 2s; a 'Free episode {n} of {total}' chip top-left while the viewer is inside an unowned free run; the EP badge, watermark, share sheet and progress readout.","The progress bar is Animated and pointerEvents='none' - a read-only readout. THERE IS NO WAY TO SEEK ANYWHERE IN AN EPISODE ON iOS: no scrubber, no hold-to-fast-forward, no double-tap skip (double-tap is the like burst). The free-run chip is absent; freeEpisodes is destructured then discarded with `void freeEpisodes`. EP badge, watermark and share sheet are at parity.","MAJOR GAP","EpisodeFeed.tsx:2747-2756 - wrap the progress track in a 44px-tall <GestureDetector> Pan (RNGH, simultaneousWithExternalGesture on the FlatList) that maps x/width to player.currentTime, pauses on begin and resumes on end, and no-ops when `activeEp && !activeEp.isFree && !authFree` (web's scrubDisabled at EpisodeFeed.tsx:3426). Add a hold-to-seek: arm a 300ms timer in handleTap (line 972-1020) that ticks player.currentTime at HOLD_SEEK_MIN_RATE 4 ramping to 12 over 2000ms. Add the free-run chip and the 'content.freeEpisodeOf' key, removing `void freeEpisodes` at line 1185.","verza-native/src/components/EpisodeFeed.tsx:972-1020,1185,2747-2756 | verza-tv/components/EpisodeFeed.tsx:292-325,1663-1790,2113-2130,3387-3470,4010-4032,4080-4145"
"Episode paywall / unlock overlay","Fully localized in all 19 locales via paywall.* keys, with lang/dir set on the overlay (rtl for Arabic): headline, 'You just watched the free preview of {title}...', two benefit bullets ('All {count} episodes, instantly' / 'Access on your Verza account...'), the large price, the CTA, and a Go Back control that is an anchor so the very first tap works pre-hydration.","Hardcoded English on every locale: 'Keep Watching', `Unlock all episodes of ${seriesTitle}`, 'Go Back'. No benefit bullets. The 19-locale LangDropdown ships on iOS, so a viewer who set Espanol browses in Spanish and then meets an English paywall at the single highest-value moment in the product. AppleSeriesUnlock itself is correct - StoreKit-localized displayPrice plus Restore Purchases.","MAJOR GAP","Add the provider-neutral paywall keys to all 19 locales in src/lib/i18n.ts - paywall.unlockAll, paywall.previewOver, paywall.benefitEpisodes, paywall.benefitAccess, paywall.goBack - copying the translations from verza-tv/lib/i18n.ts (skip paywall.secure and checkout.error*, which are Stripe-only). Then replace the literals at EpisodeFeed.tsx:2793 ('Keep Watching' -> t('paywall.unlockAll')), :2794-2796 (-> t('paywall.previewOver',{title:seriesTitle})) and :2831 ('Go Back' -> t('paywall.goBack')), and render the two benefit bullets above <AppleSeriesUnlock>.","verza-native/src/components/EpisodeFeed.tsx:2793-2796,2828-2832 | verza-native/src/lib/i18n.ts | verza-tv/components/EpisodeFeed.tsx:4180-4212,4337 | verza-tv/lib/i18n.ts:135-160"
"Episode-to-episode transition","Scroll-snap slides driven by an IntersectionObserver at threshold 0.6, auto-advance on `ended`, a 700ms ADVANCE_COOLDOWN, and a hard MAX_UNATTENDED_ADVANCES = 8: after eight self-driven advances with no touch or scroll the feed stops rather than running the whole series to a sleeping phone. EP toast on arrival.","FlatList with itemVisiblePercentThreshold 60 (same 0.6 threshold), auto-advance on ended, EP toast and haptics all at parity. There is no unattended-advance cap: requestTransition(nextIdx,'autoAdvance') fires unconditionally, so the feed will play a 60-episode series end to end on its own.","MINOR GAP","In EpisodeFeed.tsx add `const autoAdvanceRunRef = useRef(0)` and a MAX_UNATTENDED_ADVANCES = 8 constant; guard the autoAdvance call at line 1674 with `if (autoAdvanceRunRef.current >= MAX_UNATTENDED_ADVANCES) return; autoAdvanceRunRef.current += 1;` and reset the counter to 0 in the existing onScrollBeginDrag / onTap handlers, mirroring web.","verza-native/src/components/EpisodeFeed.tsx:1674 | verza-tv/components/EpisodeFeed.tsx:129-133,2996-3017"
"Search","One shared matcher, seriesMatchesQuery(), over a folded haystack of title + slug + genre + logline + channel + categories + tags + curated SEARCH_TAGS, per-token AND, and Unicode accent folding on BOTH the query and the index so 'pasion' matches 'Sentencia de pasion' and 'espanol' matches 'espanol'.","src/components/SearchBar.tsx (the /discover search) does not import seriesMatchesQuery at all. It carries a private inline predicate: substring OR across title/logline/genre/channel/categories only. No tags, no SEARCH_TAGS, no slug, no accent folding, and OR-across-fields instead of AND-across-tokens - so 'revenge', 'billionaire' and any two-word query return far fewer or zero results. src/lib/text-fold.ts does not exist on native. FeedSearch.tsx is narrower still (title/logline/genre) and skips the iOS reader filter. SearchButton.tsx and /search DO use the shared matcher.","MAJOR GAP","SearchBar.tsx:33-42 - delete the inline predicate and call `searchableSeries.filter(s => seriesMatchesQuery(s, query))`. FeedSearch.tsx:30-38 - same, and add the missing `Platform.OS === 'ios' && isIosReaderSeriesVisible` filter. Port verza-tv/lib/text-fold.ts to src/lib/text-fold.ts and rewire src/lib/search-index.ts:104-121 to web's seriesSearchHaystack (adds foldForSearch/foldText plus `s.slug.replace(/-/g,' ')`) - this is a byte-sync file, so restoring it also clears one Tier-1 drift. src/app/discover/index.tsx:27-28 passes the full catalog including coming_soon rows on Android; pass getLiveSeries().","verza-native/src/components/SearchBar.tsx:26-43 | verza-native/src/components/FeedSearch.tsx:30-38 | verza-native/src/lib/search-index.ts:104-121 | verza-native/src/app/discover/index.tsx:27-28 | verza-tv/lib/search-index.ts:98-150 | verza-tv/lib/text-fold.ts"
"Profile / Me","Header, Start Watching CTA, Subscription, Library card with three working destinations (My List -> /me/list, Continue Watching -> /me/list?tab=recent, Purchase History -> /me/purchases), Store, Creator, Settings incl. a push-notification toggle and a real dark/light switcher, Support incl. a Reset Password row -> /forgot-password, Legal, Sign Out, Delete Account. Guest counts are populated from device-local state.","Richer in places (VIP pill, Restore Purchases, Dynamic Type caps, session-verified sign-out). But two Library rows lie: 'Continue Watching' navigates to href='/' (the home screen) and 'Purchase History' navigates to '/library' (the saved list) - there is no purchases screen on native and /me/list is a bare Redirect to /library. The guest WatchingCount returns early on `!authUserId`, so every signed-out viewer sees a blank count. The Appearance row is a static 'Always On' chip, and no Reset Password row exists.","MAJOR GAP","me.tsx:411-415 - point Continue Watching at a real recently-watched surface (add a `recent` tab to LibraryPage.tsx and route to /library?tab=recent). me.tsx:417-421 - build a purchases screen from the entitlements query already written in ProfileDynamic.tsx:406-453 and point Purchase History at it, porting verza-tv/components/PurchaseHistoryList.tsx's four states. ProfileDynamic.tsx:370 - drop the `if (!authUserId) return` and read device-local progress for guests as web does. me.tsx:434-453 - add a Reset Password row (see the Sign-in row for the destination). The 'Always On' dark-mode chip is correct for a dark-only app - leave it.","verza-native/src/app/(tabs)/me.tsx:402-422,434-453 | verza-native/src/components/ProfileDynamic.tsx:358-401,406-453 | verza-native/src/app/me/list.tsx:8-10 | verza-tv/app/me/page.tsx:313-344,411-438 | verza-tv/app/me/purchases/page.tsx | verza-tv/components/PurchaseHistoryList.tsx"
"Library","Two tabs, defaulting to Channels: a channel directory (VERZA Originals, The Carpet, StorageBlue, The Vertical Tea) of horizontal poster rails with per-channel empty states and a Creator CTA, plus a My List tab. Saved list comes from /api/saved-list with a localStorage fallback on failure.","One section, My List only - the Channels tab was removed by owner decision (documented in-file). Native is better in several ways: purchases are unioned into the same list with an 'Owned' pill, sorting is owned-first then savedAt desc, reads go direct to Supabase under RLS, a query error fails closed instead of showing stale device data, and the iOS reader filter is applied in three places. Result links are hardcoded /series/<slug>/1.","MINOR GAP","If the Channels directory is still wanted on iOS, port verza-tv/components/LibraryPage.tsx:54-179 (CHANNEL_META + getChannels rails) as a second tab in src/components/LibraryPage.tsx:384-397 and filter each rail through isIosReaderSeriesVisible. If the removal is final, delete the now-dead CHANNEL_META reference in the file comment at :28-32 so the next reader does not re-add it. Separately, replace the hardcoded hrefs at :313 and :334 with the ported posterHref helper (see the Series link helper row).","verza-native/src/components/LibraryPage.tsx:28-32,313,334,384-397 | verza-tv/components/LibraryPage.tsx:54-179,191-215"
"Series link helper (posterHref / episodeHref)","lib/series-href.ts is the single decision for where a title link goes: posterHref() = episodeHref(series,1), which falls back to the show page when episodeCount < 1 because /series/<slug>/N is a real 404 for a zero-episode row. scripts/test-feed-integrity.mjs fails the build if any surface writes the literal instead.","No src/lib/series-href.ts. Six surfaces write the literal `/series/${slug}/1` by hand, so a coming-soon or zero-episode row would route into a player that has nothing to play. On iOS the reader policy filters those rows out, so nothing is broken today - but the guard web added does not exist and Android is exposed.","MINOR GAP","Port verza-tv/lib/series-href.ts to src/lib/series-href.ts (it deliberately lives outside catalog.ts to keep catalog.ts byte-stable for the fingerprint gate - keep it that way) and replace the six literals: SearchBar.tsx:88, SearchButton.tsx:177, FeedSearch.tsx:133, search.tsx:192, LibraryPage.tsx:313 and :334, plus the grid/hero links in BrowsePage.tsx:783,879.","verza-native/src/components/SearchBar.tsx:88 | verza-native/src/components/SearchButton.tsx:177 | verza-native/src/components/FeedSearch.tsx:133 | verza-native/src/app/search.tsx:192 | verza-native/src/components/LibraryPage.tsx:313,334 | verza-tv/lib/series-href.ts"
"Sign-in / auth","Email + password sign-in and sign-up with an 18+ gate, Google and Apple OAuth buttons, a dedicated /forgot-password route and a /reset-password route linked from the sign-in page, 'Continue as Guest', and a welcome email via Resend.","Email + password with the same 18+ gate and guest mode. OAuth is compiled but hidden on iOS (OAUTH_BUTTONS_VISIBLE = Platform.OS !== 'ios') - correct under Guideline 4.8, since shipping Google without native Sign in with Apple would be rejected. But there is no /forgot-password or /reset-password route: sign-in.tsx calls resetPasswordForEmail() inline and Alerts, and the emailed link lands on the WEB app. Email+password is the only iOS auth path, so a locked-out user must leave the app to recover.","MINOR GAP","Add src/app/reset-password.tsx handling the `verzatv://` deep link (the scheme is already declared in app.json:5) and pass it as the redirectTo of resetPasswordForEmail at sign-in.tsx:151, so recovery completes in-app. Add a matching Reset Password row to me.tsx:434-453 (web has two entry points; native has zero). Landmine to record: if OAUTH_BUTTONS_VISIBLE is ever flipped true, Guideline 4.8 requires native Sign in with Apple - expo-apple-authentication is not in package.json and the existing Apple branch at OAuthButtons.tsx:160-167 is a web OAuth flow, not SIWA.","verza-native/src/app/sign-in.tsx:139-161 | verza-native/src/components/OAuthButtons.tsx:80,148,155-167 | verza-native/app.json:5 | verza-tv/app/forgot-password/page.tsx | verza-tv/app/reset-password/page.tsx | verza-tv/app/sign-in/page.tsx:126-134"
"Bottom navigation","5 tabs in this order: Discover, Shorts, Shop, Library, Profile. 72px bar, #0D0D14 ground, 1px rgba(224,17,95,0.12) top border, a 60%-width gradient indicator with a pink drop-shadow on the active tab, safe-area bottom padding, and INACTIVE = #FFFFFF (full white). Active state is pathname-derived, so /channels and /me/list also light up Library.","Identical 5 tabs, order, icons, geometry, colours and safe-area handling, plus haptics and accessibilityRole='tab' that web lacks. Two differences: INACTIVE = rgba(255,255,255,0.55), so the four inactive tabs are visibly dimmer than on web; and active state comes from navigator state only, so /library and /channels (separate route trees) leave no tab highlighted.","MINOR GAP","BottomNav.tsx:13 - change INACTIVE to '#FFFFFF' to match verza-tv/components/BottomNav.tsx:8, or change web to 0.55 if the dimmer read is the intent; they must not disagree. BottomNav.tsx:114,120 - derive the active tab from usePathname() with web's mapping (a pathname starting /library, /channels or /me/list marks Library active) instead of state.routes[state.index].name.","verza-native/src/components/BottomNav.tsx:13,114,120 | verza-native/src/app/(tabs)/_layout.tsx:8-18 | verza-tv/components/BottomNav.tsx:8,75-80"
"Loading states","Browse tiles show a shimmer .skeleton until the image decodes, and the reveal is read from img.complete + a native load listener rather than React's onLoad (a cached image finishes before React attaches, which stranded 7 of 8 fully-decoded posters as blank tiles). Poster reveal in the player is delayed 500ms; video reveal uses first-frame detection.","The player's poster-holds-until-first-frame behaviour is at parity and correct (onFirstFrameRender + a timeUpdate backstop). Browse tiles have no skeleton - just a 200ms expo-image fade over a flat T.surface ground, so a slow tab paints as a wall of grey rectangles. src/components/PosterSkeleton.tsx exists, fully ported, and is imported by nothing.","MINOR GAP","Render the existing PosterSkeleton pulse as an absolutely-positioned underlay inside the <Poster> component (BrowsePage.tsx:115-133), cleared on the Image's onLoad. The component is already written and byte-faithful to web's .skeleton keyframes - it only needs to be mounted.","verza-native/src/components/BrowsePage.tsx:115-133 | verza-native/src/components/PosterSkeleton.tsx | verza-tv/components/BrowsePage.tsx:234-294 | verza-tv/app/globals.css (.skeleton)"
"Error states","A route error boundary for the player (app/series/[slug]/[episode]/error.tsx) renders 'This episode did not load / Your place in the series is saved' with Try again + Back to browse. Under it sits a full stall ladder: spinner at 1.5s, nudge at 3s, reload at 8s (5s corroborated), rebuild at 20s, terminal at 25s, max 2 reloads, plus hls.js startLoad/recoverMediaError recovery. Checkout failures surface as a role='alert' message.","No error boundary anywhere - src/app/_layout.tsx exports none and no route exports ErrorBoundary, so a render throw in the player is an unhandled crash. No stall detection at all: the code says 'No spinner - poster holds until video plays' and 'Web recovered fatal hls errors ... no native port'. A stream that stalls leaves the viewer on a frozen poster indefinitely with no spinner, no retry and no message.","MAJOR GAP","Add `export function ErrorBoundary({error, retry})` to src/app/series/[slug]/[episode].tsx (expo-router picks it up per route) rendering web's copy and actions from verza-tv/app/series/[slug]/[episode]/error.tsx. In EpisodeFeed.tsx add a stall watchdog beside the existing timeUpdate tick at line 821-870: if the active player's currentTime has not advanced for 1500ms show an ActivityIndicator over the poster (replacing the 'No spinner' comment at line 1060), at 3000ms re-issue play(), at 8000ms re-run refreshProtectedSource() (already implemented at :558), and at 25000ms show a terminal 'This episode did not load / Try again' card.","verza-native/src/app/series/[slug]/[episode].tsx | verza-native/src/app/_layout.tsx:19-29 | verza-native/src/components/EpisodeFeed.tsx:558,821-870,1060 | verza-tv/app/series/[slug]/[episode]/error.tsx | verza-tv/components/EpisodeFeed.tsx:218-263,1180-1260"
"Shared data files (Tier-1 byte-sync)","27 files under lib/, lib/content/ and lib/data/ are the byte-identical source of truth for both apps. scripts/test-data-sync.mjs in the native repo is the release gate that proves it.","6 of 27 have drifted, and the gate CANNOT SEE IT: WEB_ROOT defaults to /Users/bigswingsonly/verza-tv, which does not exist on this machine, so every Tier-1 comparison prints 'SKIP (web repo absent)' and passes. Verified by running the comparison by hand - catalog.ts (Hot tab + 4 titles whose categories are ['new'] instead of ['drama','new']), i18n.ts (691 lines: the whole paywall/checkout/audio-language block), search-index.ts (62 lines: the folded haystack), theme.ts (dark-only hex - deliberate), mux-public-map.ts (fingerprint header only, contents identical), data/sitemap.ts (native still ships the dead https://www.youtube.com/@VerzaTV link web removed on 2026-09-07 because it 404s).","MAJOR GAP","test-data-sync.mjs:13 - change the WEB_ROOT default to the real path ('/Users/jothamhall/E! CREATOR ECONOMY/verza-tv') and turn the else-branch at :107-109 from a console.log SKIP into a pushed failure, so an absent web repo fails the gate instead of passing it. Then re-sync src/lib/catalog.ts, src/lib/i18n.ts, src/lib/search-index.ts and src/lib/data/sitemap.ts from the web originals, restamp the src/lib/mux-public-map.ts fingerprint header to f0ae1ac2493758c8d0c552b6b8e9e096b65f6d5b7bd6dedbd382103e5cc796ef, and update the pinned sha256 for src/lib/catalog.ts in releaseHashes at :74. theme.ts stays as-is (dark-only is intentional).","verza-native/scripts/test-data-sync.mjs:13,74,100-109 | verza-native/src/lib/catalog.ts | verza-native/src/lib/i18n.ts | verza-native/src/lib/search-index.ts | verza-native/src/lib/data/sitemap.ts:224 | verza-native/src/lib/mux-public-map.ts:3"
"Account backend / cross-platform data continuity","verza-tv/.env.local points EXPO/NEXT Supabase at project mmvbmrrwgludfmfalfcm.supabase.co - the project the 2026-07-08 migration moved to. profiles, entitlements, purchases, watch_progress and saved_list all live there.","verza-native/.env points EXPO_PUBLIC_SUPABASE_URL at jejispfvlkwastzvwtwu.supabase.co - the RETIRED pre-migration project. EXPO_PUBLIC_* values are inlined at build time and eas.json declares no env block, so this is very likely what the shipped binary talks to. The two apps therefore read and write DIFFERENT databases: a series unlocked on the web is not owned in the app, saved lists and watch progress do not cross over, and the same email is two separate accounts. Compounding it, the web repo's own configured host currently returns NXDOMAIN from this machine while the native repo's retired host resolves.","BLOCKED","Cannot be resolved from the code - it needs the owner to state which Supabase project is canonical and to supply that project ref + anon key. Once known: set EXPO_PUBLIC_SUPABASE_URL / EXPO_PUBLIC_SUPABASE_ANON_KEY in verza-native/.env (and as EAS environment variables so a cloud build cannot silently fall back), confirm every table in src/lib/supabase/schema.ts exists there with RLS, then verify with `npm run test:auth-lifecycle` and a sign-in on both surfaces with the same email. Until then, treat every account-scoped parity claim (entitlements, saved list, watch progress, VIP) as unverified.","verza-native/.env | verza-native/src/lib/env.ts:5-11 | verza-native/eas.json | verza-tv/.env.local"
"Anime tab","9th browse tab, always rendered, showing a branded Coming Soon panel (neutral slate ground, clock glyph, '{tab} is coming soon' + a two-line body, and a gradient 'Browse Drama' escape button). It auto-hides the moment live rows carrying categories:['anime'] are added.","The tab is removed from the bar entirely. getSeriesByCategory('anime') returns [] and the iOS branch of activeTabs drops any tab whose tabData length is 0.","NOT APPLICABLE","Deliberate: the iOS reader policy removes empty categories rather than shipping a placeholder that promises unreleased content (src/lib/ios-reader-catalog.ts, BrowsePage.tsx:203-212; docs/ARCHITECTURE.md:86 - iOS routes 'never render production/coming-soon promises'). No change. When Anime gets live rows the tab reappears on iOS automatically. The generic empty-state card at BrowsePage.tsx:571-608 stays as the defensive fallback.","verza-native/src/components/BrowsePage.tsx:203-212,571-608 | verza-native/src/lib/ios-reader-catalog.ts | verza-native/docs/ARCHITECTURE.md:86 | verza-tv/components/BrowsePage.tsx:836-880"
"Tubi placement","2nd tab in the rail, rendered as the Tubi logo rather than a text label. The tab body is a full sponsored partner spotlight: primary CTA, a 6-slide cinematic carousel, a value statement, a large wordmark and a 'Verza sponsored partner' trust line, click-through to tubitv.com in a new tab (a true in-site embed is blocked by Tubi's X-Frame-Options: SAMEORIGIN).","Not present. Tubi is absent from ALL_DISCOVER_TABS on every platform, and no TubiHeroCarousel or Tubi asset exists in the native repo.","NOT APPLICABLE","Deliberate: an outbound sponsored partner spotlight is a web-only commercial surface and is not part of either native product (BrowsePage.tsx:56-59). The native data-sync gate already asserts this by requiring the native tab list to be the canonical list minus exactly 'tubi' (test-data-sync.mjs:170-176). No change.","verza-native/src/components/BrowsePage.tsx:56-73 | verza-native/scripts/test-data-sync.mjs:170-176 | verza-tv/components/BrowsePage.tsx:791-880 | verza-tv/components/TubiHeroCarousel.tsx"
"Shop / merch / cart","A merch grid (inert 'Coming soon' cards while MERCH_CHECKOUT_ENABLED is false, Links to /shop/[slug] when true), a cart button and drawer that POST /api/checkout to Stripe, and an Amazon affiliate section with 'Sponsored - Ad', 'Not personalized' and an Associates disclosure. CartDrawer and AmazonBag are mounted globally.","The Shop tab renders header + a single support card: 'Merchandise support', an 'Email merchandise support' button to support@verzatv.com, and 'New orders are not placed in this app.' No grid, no prices, no cart, no Amazon. /shop/[slug] Redirects to /shop on every platform; /amazon Redirects to /shop on iOS; CartDrawer and AmazonBag are not mounted on iOS.","NOT APPLICABLE","Deliberate and verified complete - no Stripe or merch purchase path is reachable on iOS (Apple 3.1.1). Two optional hygiene items, neither a parity gap: src/components/CartButton.tsx, src/components/AddToCartButton.tsx and src/lib/products.ts have no importers anywhere, and CartProvider is still mounted on iOS with no consumer; AmazonBag.tsx and AmazonProducts.tsx are compiled into the iOS binary though never mounted, so consider a build-time strip if App Review does binary string inspection.","verza-native/src/app/(tabs)/shop.tsx:53-95 | verza-native/src/app/shop/[slug].tsx:8-10 | verza-native/src/app/amazon.tsx:29 | verza-native/src/app/_layout.tsx:40,49,53 | verza-tv/app/shop/page.tsx:19-201"
"Creator section","A nine-section CreatorsLanding conversion page on the Creators tab, plus /creator and /studio dashboards, /channels, /c/[slug] clip pages and /watch/[...slug] creator PPV with a Stripe unlock.","Every creator surface is removed on iOS, and double-gated: the Creators tab is filtered out of the tab list AND its render is guarded; /creator, /studio, /channels and /watch/[...slug] each Redirect to /discover at the top of the route; the profile 'Apply to Become a Creator' row is wrapped in HideOnIOS; and CreatorWatch has a redundant inner gate that shows a neutral 'Exclusive' state with no price and no CTA.","NOT APPLICABLE","Deliberate: creator recruitment and UGC/PPV are excluded under Apple 1.2/1.2.1 and 3.1.1, and the gating is defense-in-depth (route redirect plus component guard). No change. Note for the record: /c/[slug] stays reachable on iOS but only for reader-visible series - it is a series clip landing, not a creator surface, and it gates on isIosReaderSeriesVisible.","verza-native/src/components/BrowsePage.tsx:75,569 | verza-native/src/app/creator.tsx:12 | verza-native/src/app/studio.tsx:20 | verza-native/src/app/channels.tsx:103 | verza-native/src/app/watch/[...slug].tsx:64 | verza-native/src/app/c/[slug].tsx:75,157 | verza-native/src/app/(tabs)/me.tsx:326-392 | verza-tv/components/CreatorsLanding.tsx"
"Checkout / payment","Stripe throughout: $1.99 series unlock via /api/unlock, VIP $9.99/mo and $79.99/yr via /api/subscribe, a billing portal, merch via /api/checkout and creator PPV via /api/creator-unlock. Web self-suppresses all of it inside an iOS WebView via HideInIOSApp / isIOSApp().","StoreKit 2 through a custom expo module: one permanent non-consumable per series, price ALWAYS from StoreKit displayPrice (never a hardcoded $1.99), a server preflight before purchase, server-side signed-JWS verification before finishTransactionAsync, appAccountToken bound to the Supabase UUID, an interrupted-transaction observer, and Restore Purchases in two places (every unlock control plus Profile). VIP never renders its subscribe state on iOS; checkout-return Redirects away on non-Android. No Stripe or browser-checkout path is reachable.","NOT APPLICABLE","Deliberate and correctly implemented - Stripe/web checkout, VIP subscriptions and coin packs are excluded under Apple 3.1.1 and the IAP replacement is complete. No change. Two binary-hygiene notes: CoinPaywall.tsx is dead code in BOTH repos (no importers), and COIN_PACKS plus VIP_MONTHLY_CENTS/VIP_YEARLY_CENTS in src/lib/config.ts ship purchase-adjacent strings into the iOS binary that nothing renders - worth stripping.","verza-native/src/components/AppleSeriesUnlock.tsx:65,111-118,246,267-279 | verza-native/src/lib/apple-iap.ts:107-353 | verza-native/src/components/VipCard.tsx:63,118,224 | verza-native/src/app/checkout-return.tsx:35,43 | verza-native/src/lib/config.ts:9,22-24 | verza-tv/app/api/unlock/route.ts:34-55 | verza-tv/lib/series-purchase.ts:9"
"Ad ribbons (StorageBlue)","The StorageBlue sponsor ribbon renders on the Drama tab and again on the Reality tab, as an outbound link to storageblue.com. It is the original sponsor placement and is not to be moved.","StorageBlueAdRibbon is fully ported (with 'Sponsored - Ad', 'Not personalized' and an adjacent Report-an-Ad control for Apple 2.5.18) but both mount points are gated `Platform.OS !== 'ios'`, so no ad ribbon renders on iOS.","NOT APPLICABLE","Deliberate exclusion for the App Store build. No change. The component and its Report-an-Ad control remain wired for Android, so the placement is not lost.","verza-native/src/components/BrowsePage.tsx:135-181,866-871 | verza-native/src/components/ReportAdLink.tsx | verza-tv/components/BrowsePage.tsx:1200-1217"
"Theme","Light and dark. lib/theme.ts exports CSS custom properties (var(--t-bg) etc.) so 1,710 references across 76 files re-theme from app/globals.css, keyed on data-theme. Profile carries a real dark/light switcher.","Dark only. src/lib/theme.ts exports the dark hex literals directly and app.json pins userInterfaceStyle: 'dark'. The Appearance row is a static 'Always On' chip rather than a control.","NOT APPLICABLE","Deliberate: the native app is dark-theme only by product decision (app.json:6). The 67-line theme.ts diff is therefore expected and must NOT be re-synced by the Tier-1 byte gate - exclude src/lib/theme.ts from the tierOnePairs list in test-data-sync.mjs rather than restoring var() tokens that mean nothing in React Native.","verza-native/src/lib/theme.ts | verza-native/app.json:6 | verza-native/src/components/ProfileDynamic.tsx:563-592 | verza-native/scripts/test-data-sync.mjs:87-97 | verza-tv/lib/theme.ts:1-31"
"Header (logo / language / search)","Sticky top bar at rgba(7,7,14,0.95) with a 16px backdrop blur and a 1px shadow: LangDropdown left, the VERZA TV logo centred as a link home, SearchButton right. Top safe-area padded for notch devices.","Same three elements in the same order, same ground colour, same shadow, logo at 225x60 contain, safe-area top from useSafeAreaInsets. Rendered per-screen rather than in the root layout so it stays pinned above each screen's own ScrollView. The blur is replaced by the solid rgba, which at 0.95 alpha is imperceptible.","MATCHED","None.","verza-native/src/components/Header.tsx | verza-tv/components/Header.tsx"
"Red Carpet tab","A centred 'The Carpet' heading over a 2-up poster grid of Exes Premiere and Love Awards, each tile tapping into the series. Red-carpet titles are tab-exclusive and filtered out of the Drama grid.","Identical: 'The Carpet' heading, 2-up grid at rcCellW, tiles link to /series/<slug>/1 with a warmStream+warmPlayer prewarm on press, and the caption prints the category label 'Red Carpet' rather than the full genre - exactly as web does. Red-carpet titles are excluded from the native Drama grid.","MATCHED","None.","verza-native/src/components/BrowsePage.tsx:743-777 | verza-tv/components/BrowsePage.tsx:1035-1066"
"Poster tap to first frame","Clicking a poster creates a hidden muted <video>, attaches the HLS stream and starts decoding while the route navigation is still in flight; EpisodeFeed adopts that element so the first frame the viewer sees is the movie. The tapped poster is seeded into sessionStorage as the transition image, and paid episodes are deliberately skipped so no protected id is requested.","Same architecture, adapted: warmPlayer() creates one real pre-warmed AVPlayer on onPressIn that EpisodeFeed's first slide adopts, with single-shot ownership transfer and a TTL so the <=3-attached-player invariant holds; warmStream() additionally warms the manifest only (never segments, which would double-download on iOS). Free episodes only, same as web.","MATCHED","None. Native's version is arguably stronger - it enforces the documented player-pool invariant that web has no equivalent of.","verza-native/src/lib/warm-player.ts | verza-native/src/lib/prefetch.ts | verza-native/src/components/BrowsePage.tsx:794,887 | verza-tv/lib/instant-player.ts | verza-tv/components/BrowsePage.tsx:314-352"
"Share sheet","A bottom sheet from the player's More control: 'Share this episode', '{series} - EP n', and a 4-up icon grid (Messages, WhatsApp, X, Copy link) built from the same shareText and shareUrl.","Same sheet, same title and subtitle, same 4-up grid with the identical SVG path data and tint colours, animated in with Animated opacity + scale and padded for the bottom inset. Copy link uses a native fallback because expo-clipboard is not installed.","MATCHED","None.","verza-native/src/components/EpisodeFeed.tsx:1907,2615-2726 | verza-tv/components/EpisodeFeed.tsx:3564-3575,3925-3990"
"Free-preview policy","FREE_EPISODES = 5 for every series, and the feed carries no silent cap - the old Math.min(...,4) was removed because it paywalled episode 5 while the badge advertised 'First 5 Episodes FREE'. The series page badge, the episode dropdown and the feed all read the same catalog freeEpisodes.","Identical - src/lib/config.ts is byte-identical to lib/config.ts (verified), and the episode route builds feedEpisodes from series.freeEpisodes with no cap. The free/locked split, the padlock in EpisodeDropdown and the paywall trigger on the first non-free episode all match.","MATCHED","None.","verza-native/src/lib/config.ts | verza-native/src/app/series/[slug]/[episode].tsx | verza-tv/lib/config.ts | verza-tv/app/series/[slug]/[episode]/page.tsx"
"404 / not-found","app/not-found.tsx: '404' in accent, 'Page not found', 'The page you're looking for doesn't exist or has been moved.', and a gradient button home.","src/app/+not-found.tsx reproduces it line for line, including the same copy and the same Header/Footer chrome applied per-screen. The series detail route renders the same treatment inline for an unknown slug.","MATCHED","None.","verza-native/src/app/+not-found.tsx | verza-native/src/app/series/[slug]/index.tsx:176-200 | verza-tv/app/not-found.tsx"
